sku,_store,_attribute_set,_type,_category,_root_category,_product_websites,cost,countries,country_of_manufacture,creareseo_discontinued,creareseo_discontinued_product,created_at,custom_design,custom_design_from,custom_design_to,custom_layout_update,delivery_time,description,designer,director,edition,featured,filmtitle,gallery,gift_message_available,has_options,image,image_label,known,media_gallery,meta_autogenerate,meta_description,meta_keyword,meta_title,minimal_price,msrp,msrp_display_actual_price_type,msrp_enabled,name,news_from_date,news_to_date,options_container,page_layout,poster_condition,price,print_tech,required_options,short_description,size,small_image,small_image_label,special_from_date,special_price,special_to_date,starring,status,tax_class_id,thumbnail,thumbnail_label,updated_at,url_key,url_path,visibility,weight,qty,min_qty,use_config_min_qty,is_qty_decimal,backorders,use_config_backorders,min_sale_qty,use_config_min_sale_qty,max_sale_qty,use_config_max_sale_qty,is_in_stock,notify_stock_qty,use_config_notify_stock_qty,manage_stock,use_config_manage_stock,stock_status_changed_auto,use_config_qty_increments,qty_increments,use_config_enable_qty_inc,enable_qty_increments,is_decimal_divided,_links_related_sku,_links_related_position,_links_crosssell_sku,_links_crosssell_position,_links_upsell_sku,_links_upsell_position,_associated_sku,_associated_default_qty,_associated_position,_tier_price_website,_tier_price_customer_group,_tier_price_qty,_tier_price_price,_group_price_website,_group_price_customer_group,_group_price_price,_media_attribute_id,_media_image,_media_lable,_media_position,_media_is_disabled,_custom_option_store,_custom_option_type,_custom_option_title,_custom_option_is_required,_custom_option_price,_custom_option_sku,_custom_option_max_characters,_custom_option_sort_order,_custom_option_row_title,_custom_option_row_price,_custom_option_row_sku,_custom_option_row_sort,_super_products_sku,_super_attribute_code,_super_attribute_option,_super_attribute_price_corr
PosterLK00100,,Default,simple,MUSIC POSTER,Default Category,base,,,,,,2012-07-14 00:00:00,,,,,1992,Polish Poster,Konopelski,,reprint,,,,,0,/k/o/konopelski-posterlk00100.jpg,,,,,,,,,,,,Malibu Jazz Fest,,,,,mint,130.0000,digital reprint,0,Malibu Jazz Fest,"ca. 58x68,5 cm",/k/o/konopelski-posterlk00100.jpg,,,,,,1,2,/k/o/konopelski-posterlk00100.jpg,,2014-11-06 18:58:50,leonard-konopelski/malibu-jazz-fest,leonard-konopelski/malibu-jazz-fest.html,4,10.0000,100.0000,0.0000,1,0,0,1,1.0000,1,0.0000,1,1,,1,1,0,0,1,0.0000,1,0,0,,,,,,,,,,,,,,,,,88,/k/o/konopelski-posterlk00100.jpg,,0,1,,,,,,,,,,,,,,,,
PosterLK00101,,Default,simple,MUSIC POSTER,Default Category,base,,,,,,2012-07-14 00:00:00,,,,,197?  / R 2008,Polish Poster,Konopelski,,reprint,,,,,0,/k/o/konopelski-posterlk00101.jpg,,,,,,,,,,,,"Krakowiacy i Górale, czyli cud mniemany",,,,,mint,130.0000,digital reprint,0,"Krakowiacy i Górale, czyli cud mniemany","ca. 70x101,5 cm",/k/o/konopelski-posterlk00101.jpg,,,,,,1,2,/k/o/konopelski-posterlk00101.jpg,,2014-11-06 18:58:50,leonard-konopelski/krakowiacy-i-gorale,leonard-konopelski/vermeintliche-wunder.html,4,10.0000,100.0000,0.0000,1,0,0,1,1.0000,1,0.0000,1,1,,1,1,0,0,1,0.0000,1,0,0,,,,,,,,,,,,,,,,,88,/k/o/konopelski-posterlk00101.jpg,,0,1,,,,,,,,,,,,,,,,
,,,,OPERA,Default Category,,,,,,,,,,,,,,,,,,,,,,,,,,,,,,,,,,,,,,,,,,,,,,,,,,,,,,,,,,,,,,,,,,,,,,,,,,,,,,,,,,,,,,,,,,,,,,,,,,,,,,,,,,,,,,,,,,,,,
,posters,,,,,,,,,,,,,,,,,,,,,,,,,,,,,,,,,,,,,,"Pretended Miracle, or Krakovians and Highlanders",,,,,,,,,,,,,,,,,,,,,,leonard-konopelski/pretended-miracle,leonard-konopelski/pretended-miracle.html,,,,,,,,,,,,,,,,,,,,,,,,,,,,,,,,,,,,,,,,,,,,,,,,,,,,,,,,,,,,
,poster,,,,,,,,,,,,,,,,,,,,,,,,,,,,,,,,,,,,,,Vermeintliche Wunder oder Die Krakauer und die Bergbauern,,,,,,,,,,,,,,,,,,,,,,leonard-konopelski/vermeintliche-wunder,,,,,,,,,,,,,,,,,,,,,,,,,,,,,,,,,,,,,,,,,,,,,,,,,,,,,,,,,,,,,
,plakat,,,,,,,,,,,,,,,,,,,,,,,,,,,,,,,,,,,,,,,,,,,,,,,,,,,,,,,,,,,,,leonard-konopelski/krakowiacy-i-gorale.html,,,,,,,,,,,,,,,,,,,,,,,,,,,,,,,,,,,,,,,,,,,,,,,,,,,,,,,,,,,,
PosterLK00102,,Default,simple,THEATER,Default Category,base,,,,,,2012-07-14 00:00:00,,,,,1972 / R 2008,Polish Poster,Konopelski,,reprint,,,,,0,/k/o/konopelski-posterlk00102.jpg,,,,,,,,,,,,Yerma Federico García Lorca,,,,,mint,130.0000,digital reprint,0,Yerma Federico García Lorca,ca. 70x100 cm,/k/o/konopelski-posterlk00102.jpg,,,,,,1,2,/k/o/konopelski-posterlk00102.jpg,,2014-11-06 18:58:50,leonard-konopelski/yerma-garcia-lorca,leonard-konopelski/yerma-garcia-lorca.html,4,10.0000,100.0000,0.0000,1,0,0,1,1.0000,1,0.0000,1,1,,1,1,0,0,1,0.0000,1,0,0,,,,,,,,,,,,,,,,,88,/k/o/konopelski-posterlk00102.jpg,,0,1,,,,,,,,,,,,,,,,
,posters,,,,,,,,,,,,,,,,,,,,,,,,,,,,,,,,,,,,,,,,,,,,,,,,,,,,,,,,,,,,leonard-konopelski/yerma-federico-garcia-lorca,leonard-konopelski/yerma-federico-garcia-lorca.html,,,,,,,,,,,,,,,,,,,,,,,,,,,,,,,,,,,,,,,,,,,,,,,,,,,,,,,,,,,,
PosterLK00104,,Default,simple,THEATER,Default Category,base,,,,,,2012-07-14 00:00:00,,,,,1975 / R 2008,Polish Poster,Konopelski,,reprint,,,,,0,/k/o/konopelski-posterlk00104.jpg,,,,,,,,,,,,Grupa Laokoona Tadeusz Różewicz,,,,,mint,130.0000,digital reprint,0,Grupa Laokoona Tadeusz Różewicz,"ca. 72,5x91,5 cm",/k/o/konopelski-posterlk00104.jpg,,,,,,1,2,/k/o/konopelski-posterlk00104.jpg,,2014-11-06 18:58:50,leonard-konopelski/grupa-laokoona-tadeusz-rozewicz,leonard-konopelski/grupa-laokoona-tadeusz-rozewicz.html,4,10.0000,100.0000,0.0000,1,0,0,1,1.0000,1,0.0000,1,1,,1,1,0,0,1,0.0000,1,0,0,,,,,,,,,,,,,,,,,88,/k/o/konopelski-posterlk00104.jpg,,0,1,,,,,,,,,,,,,,,,
PosterLK00105,,Default,simple,OTHER POSTER,Default Category,base,,,,,,2012-07-14 00:00:00,,,,,1979 / R 2008,Polish Poster,Konopelski,,reprint,,,,,0,/k/o/konopelski-posterlk00105.jpg,,,,,,,,,,,,Moscow 80 Moscow Fly To Moscow,,,,,mint,130.0000,digital reprint,0,Moscow 80 Moscow Fly To Moscow,"ca. 66,5x100 cm",/k/o/konopelski-posterlk00105.jpg,,,,,,1,2,/k/o/konopelski-posterlk00105.jpg,,2014-11-06 18:58:50,leonard-konopelski/fly-to-moscow,leonard-konopelski/fly-to-moscow.html,4,10.0000,100.0000,0.0000,1,0,0,1,1.0000,1,0.0000,1,1,,1,1,0,0,1,0.0000,1,0,0,,,,,,,,,,,,,,,,,88,/k/o/konopelski-posterlk00105.jpg,,0,1,,,,,,,,,,,,,,,,
,posters,,,,,,,,,,,,,,,,,,,,,,,,,,,,,,,,,,,,,,,,,,,,,,,,,,,,,,,,,,,,leonard-konopelski/moscow-fly-to-moscow,leonard-konopelski/moscow-fly-to-moscow.html,,,,,,,,,,,,,,,,,,,,,,,,,,,,,,,,,,,,,,,,,,,,,,,,,,,,,,,,,,,,
PosterLK00107,,Default,simple,THEATER,Default Category,base,,,,,,2012-07-14 00:00:00,,,,,1975,Polish Poster,Konopelski,,original,,,,,0,/k/o/konopelski-posterlk00107.jpg,,,,,,,,,,,,"Iwona, księżniczka Burgunda Witold Gombrowicz",,,,,mint,80.0000,offset,0,"Iwona, księżniczka Burgunda Witold Gombrowicz",ca. B1 = 68x97cm = 27x38 in,/k/o/konopelski-posterlk00107.jpg,,,,,,1,2,/k/o/konopelski-posterlk00107.jpg,,2014-11-06 18:58:50,leonard-konopelski/iwona-ksiezniczka-burgunda-witold-gombrowicz,leonard-konopelski/ivona-princess-burgundia-witold-gombrowicz.html,4,10.0000,100.0000,0.0000,1,0,0,1,1.0000,1,0.0000,1,1,,1,1,0,0,1,0.0000,1,0,0,,,,,,,,,,,,,,,,,88,/k/o/konopelski-posterlk00107.jpg,,0,1,,,,,,,,,,,,,,,,
,posters,,,,,,,,,,,,,,,,,,,,,,,,,,,,,,,,,,,,,,Ivona Princess of Burgundia Witold Gombrowicz,,,,,,,,,,,,,,,,,,,,,,leonard-konopelski/ivona-princess-burgundia-witold-gombrowicz,,,,,,,,,,,,,,,,,,,,,,,,,,,,,,,,,,,,,,,,,,,,,,,,,,,,,,,,,,,,,
,poster,,,,,,,,,,,,,,,,,,,,,,,,,,,,,,,,,,,,,,Yvonne die Burgunderprinzessin Witold Gombrowicz,,,,,,,,,,,,,,,,,,,,,,leonard-konopelski/yvonne-burgunderprinzessin-witold-gombrowicz,leonard-konopelski/yvonne-burgunderprinzessin-witold-gombrowicz.html,,,,,,,,,,,,,,,,,,,,,,,,,,,,,,,,,,,,,,,,,,,,,,,,,,,,,,,,,,,,
,plakat,,,,,,,,,,,,,,,,,,,,,,,,,,,,,,,,,,,,,,,,,,,,,,,,,,,,,,,,,,,,,leonard-konopelski/iwona-ksiezniczka-burgunda-witold-gombrowicz.html,,,,,,,,,,,,,,,,,,,,,,,,,,,,,,,,,,,,,,,,,,,,,,,,,,,,,,,,,,,,
PosterLK00108,,Default,simple,THEATER,Default Category,base,,,,,,2012-07-14 00:00:00,,,,,1972 / R 2008,Polish Poster,Konopelski,,reprint,,,,,0,/k/o/konopelski-posterlk00108.jpg,,,,,,,,,,,,Yerma Federico García Lorca,,,,,mint,130.0000,digital reprint,0,Yerma Federico García Lorca,ca. 70x100 cm,/k/o/konopelski-posterlk00108.jpg,,,,,,1,2,/k/o/konopelski-posterlk00108.jpg,,2014-11-06 18:58:50,leonard-konopelski/yerma,leonard-konopelski/yerma.html,4,10.0000,100.0000,0.0000,1,0,0,1,1.0000,1,0.0000,1,1,,1,1,0,0,1,0.0000,1,0,0,,,,,,,,,,,,,,,,,88,/k/o/konopelski-posterlk00108.jpg,,0,1,,,,,,,,,,,,,,,,
,posters,,,,,,,,,,,,,,,,,,,,,,,,,,,,,,,,,,,,,,,,,,,,,,,,,,,,,,,,,,,,leonard-konopelski/yerma-garcia-lorca,leonard-konopelski/yerma-garcia-lorca.html,,,,,,,,,,,,,,,,,,,,,,,,,,,,,,,,,,,,,,,,,,,,,,,,,,,,,,,,,,,,
,poster,,,,,,,,,,,,,,,,,,,,,,,,,,,,,,,,,,,,,,,,,,,,,,,,,,,,,,,,,,,,leonard-konopelski/yerma-federico-garcia-lorca,leonard-konopelski/yerma-federico-garcia-lorca.html,,,,,,,,,,,,,,,,,,,,,,,,,,,,,,,,,,,,,,,,,,,,,,,,,,,,,,,,,,,,
PosterLK00109,,Default,simple,MUSIC POSTER,Default Category,base,,,,,,2012-07-14 00:00:00,,,,,1981 / R 2008,Polish Poster,Konopelski,,reprint,Nein,,,,0,/k/o/konopelski-posterlk00109.jpg,,,,Nein,,,,,,Im Einkaufswagen,Nein,David Sanborn Touchtone,,,Produktinformationsspalte,,mint,130.0000,digital reprint,0,David Sanborn Touchtone,"ca. 91,5 x 46,5 cm",/k/o/konopelski-posterlk00109.jpg,,,,,,1,2,/k/o/konopelski-posterlk00109.jpg,,2019-01-30 13:51:06,leonard-konopelski/david-sanborn-touchtone,leonard-konopelski/david-sanborn-touchtone.html,3,10.0000,0.0000,0.0000,1,0,0,1,1.0000,1,0.0000,1,0,,1,1,0,1,1,0.0000,1,0,0,,,,,,,,,,,,,,,,,88,/k/o/konopelski-posterlk00109.jpg,,0,1,,,,,,,,,,,,,,,,
,posters,,,,,,,,,,,,,,,,,,,,,,,,,,,,,,,Leonard Konopelski David Sanborn Touchtone buy online vintage original poster art from Poland Leonard Konopelski Polish music posters Polish Music Poster David Sanborn Touchtone,"Leonard Konopelski, buy online vintage original poster art from Poland, Polish music posters Polish Music Poster David Sanborn Touchtone",Leonard Konopelski David Sanborn Touchtone,,,,,,,,,,,,,,,,,,,,,,,,,,,,,,,,,,,,,,,,,,,,,,,,,,,,,,,,,,,,,,,,,,,,,,,,,,,,,,,,,,,,,,,,
,poster,,,,,,,,,,,,,,,,,,,,,,,,,,,,,,,Leonard Konopelski David Sanborn Touchtone PIGASUS Polnische Plakatkunst Leonard Konopelski Plakat Shop Berlin plakatkunst kaufen Pigasus plakatkunst in Polen Plakatkünstler Leonard Konopelski Original Theaterplakate David Sanborn Touchtone Polnisches Mus,Leonard Konopelski Musik Poster Polen Plakatkünstler Original David Sanborn Touchtone Polnisches Musikplakat David Sanborn Touchtone,Leonard Konopelski David Sanborn Touchtone,,,,,,,,,,,,,,,,,,,,,,,,,,,,,,,,,,,,,,,,,,,,,,,,,,,,,,,,,,,,,,,,,,,,,,,,,,,,,,,,,,,,,,,,
,plakat,,,,,,,,,,,,,,,,,,,,,,,,,,,,,,,Leonard Konopelski David Sanborn Touchtone PIGASUS polski plakat sklep Berlin Leonard Konopelski kup oryginalne polskie plakaty Pigasus Polska Szkoła Plakatu sklep internetowy David Sanborn Touchtone plakat muzyczny David Sanborn Touchtone,Leonard Konopelski David Sanborn Touchtone PIGASUS polski plakat kup oryginalne Polskie Plakaty Polska Szkoła Plakatu sklep internetowy,Leonard Konopelski David Sanborn Touchtone,,,,,,,,,,,,,,,,,,,,,,,,,,,,,,,,,,,,,,,,,,,,,,,,,,,,,,,,,,,,,,,,,,,,,,,,,,,,,,,,,,,,,,,,
PosterLK00111,,Default,simple,MUSIC POSTER,Default Category,base,,,,,,2012-07-14 00:00:00,,,,,1981 / R 2008,Polish Poster,Konopelski,,reprint,,,,,0,/k/o/konopelski-posterlk00111.jpg,,,,,,,,,,,,David Sanborn Voyeur,,,,,mint,130.0000,digital reprint,0,David Sanborn Voyeur,ca. 67x102 cm,/k/o/konopelski-posterlk00111.jpg,,,,,,1,2,/k/o/konopelski-posterlk00111.jpg,,2014-11-06 18:58:50,leonard-konopelski/david-sanborn-voyeur,leonard-konopelski/david-sanborn-voyeur.html,4,10.0000,100.0000,0.0000,1,0,0,1,1.0000,1,0.0000,1,1,,1,1,0,0,1,0.0000,1,0,0,,,,,,,,,,,,,,,,,88,/k/o/konopelski-posterlk00111.jpg,,0,1,,,,,,,,,,,,,,,,
PosterLK00112,,Default,simple,MUSIC POSTER,Default Category,base,,,,,,2012-07-14 00:00:00,,,,,1988 / R 2008,Polish Poster,Konopelski,,reprint,,,,,0,/k/o/konopelski-posterlk00112.jpg,,,,,,,,,,,,Willie Nelson,,,,,mint,130.0000,digital reprint,0,Willie Nelson,"ca. 68,5x91,5 cm",/k/o/konopelski-posterlk00112.jpg,,,,,,1,2,/k/o/konopelski-posterlk00112.jpg,,2014-11-06 18:58:50,leonard-konopelski/willie-nelson,leonard-konopelski/willie-nelson.html,4,10.0000,100.0000,0.0000,1,0,0,1,1.0000,1,0.0000,1,1,,1,1,0,0,1,0.0000,1,0,0,,,,,,,,,,,,,,,,,88,/k/o/konopelski-posterlk00112.jpg,,0,1,,,,,,,,,,,,,,,,
PosterLK00113,,Default,simple,MUSIC POSTER,Default Category,base,,,,,,2012-07-14 00:00:00,,,,,1992 / R 2008,Polish Poster,Konopelski,,reprint,Nein,,,,0,/k/o/konopelski-posterlk00113.jpg,Malibu Playboy Jazz Festival,,,Nein,,,,,,Im Einkaufswagen,Nein,Malibu Playboy Jazz Festival,,,Produktinformationsspalte,,mint,130.0000,digital reprint,0,Malibu Playboy Jazz Festival,"ca. 71x91,5 cm",/k/o/konopelski-posterlk00113.jpg,Malibu Playboy Jazz Festival,,,,,1,2,/k/o/konopelski-posterlk00113.jpg,Malibu Playboy Jazz Festival,2021-10-30 14:42:31,leonard-konopelski/malibu-playboy-jazz-festival,leonard-konopelski/malibu-playboy-jazz-festival.html,3,10.0000,0.0000,0.0000,1,0,0,1,1.0000,1,0.0000,1,0,,1,1,0,1,1,0.0000,1,0,0,,,,,,,,,,,,,,,,,88,/k/o/konopelski-posterlk00113.jpg,Malibu Playboy Jazz Festival,0,1,,,,,,,,,,,,,,,,
,,,,OTHER POSTER,Default Category,,,,,,,,,,,,,,,,,,,,,,,,,,,,,,,,,,,,,,,,,,,,,,,,,,,,,,,,,,,,,,,,,,,,,,,,,,,,,,,,,,,,,,,,,,,,,,,,,,,,,,,,,,,,,,,,,,,,,
,posters,,,,,,,,,,,,,,,,,,,,,,,,,,,,,,,Leonard Konopelski Malibu Playboy Jazz Festival buy online vintage original poster art from Poland Leonard Konopelski Polish Theatre Vintage Art Posters l Polish Jazz Poster Malibu Playboy Jazz Festival,"Leonard Konopelski, buy online vintage original poster art from Poland, Polish Theatre Vintage Art Posters l Polish Jazz Poster Malibu Playboy Jazz Festival",Leonard Konopelski Malibu Playboy Jazz Festival,,,,,,,,,,,,,,,,,,,,,,,,,,,,,,,,,,,,,,,,,,,,,,,,,,,,,,,,,,,,,,,,,,,,,,,,,,,,,,,,,,,,,,,,
,poster,,,,,,,,,,,,,,,,,,,,,,,,,,,,,,,Leonard Konopelski Malibu Playboy Jazz Festival PIGASUS Polnische Plakatkunst Leonard Konopelski Plakat Shop Berlin plakatkunst kaufen Pigasus plakatkunst in Polen Plakatkünstler Leonard Konopelski Original Theaterplakate Malibu Playboy Jazz Festival Poln,Leonard Konopelski theaterplakate berlin Polen Plakatkünstler Original Malibu Playboy Jazz Festival Polnisches Jazzplakat Malibu Playboy Jazz Festival,Leonard Konopelski Malibu Playboy Jazz Festival,,,,,,,,,,,,,,,,,,,,,,,,,,,,,,,,,,,,,,,,,,,,,,,,,,,,,,,,,,,,,,,,,,,,,,,,,,,,,,,,,,,,,,,,
,plakat,,,,,,,,,,,,,,,,,,,,,,,,,,,,,,,Leonard Konopelski Malibu Playboy Jazz Festiva PIGASUS polski plakat sklep Leonard Konopelski kup oryginalne Polskie Plakaty Polska Szkoła Plakatu sklep internetowy Malibu Playboy Jazz Festival plakat jazzowy Malibu Playboy Jazz Festival,Leonard Konopelski Malibu Playboy Jazz Festival PIGASUS polski plakat kup oryginalne Polskie Plakaty Polska Szkoła Plakatu sklep internetowy,Leonard Konopelski Malibu Playboy Jazz Festival,,,,,,,,,,,,,,,,,,,,,,,,,,,,,,,,,,,,,,,,,,,,,,,,,,,,,,,,,,,,,,,,,,,,,,,,,,,,,,,,,,,,,,,,
Poster04966,,Default,simple,THEATER,Default Category,base,,,,,,2012-07-14 00:00:00,,,,,1972,Polish Poster,Konopelski,,original,Nein,,,,0,/k/o/konopelski-posterlk00114.jpg,,,,Nein,,,,,,Im Einkaufswagen,Nein,Matka Maxim Gorki,,,Produktinformationsspalte,,good,300.0000,offset,0,Matka Maxim Gorki,ca. A1 = 58x82 cm / 23x33 in,/k/o/konopelski-posterlk00114.jpg,,,,,,1,2,/k/o/konopelski-posterlk00114.jpg,,2017-03-21 15:58:07,leonard-konopelski/matka-maxim-gorki,leonard-konopelski/matka-maxim-gorki.html,4,10.0000,100.0000,0.0000,1,0,0,1,1.0000,1,0.0000,1,1,,1,1,0,0,1,0.0000,1,0,0,,,,,,,,,,,,,,,,,88,/k/o/konopelski-posterlk00114.jpg,,0,1,,,,,,,,,,,,,,,,
,posters,,,,,,,,,,,,,,,,,,,,,,,,,,,,,,,"Leonard Konopelski Mother buy online vintage original poster art from Poland Leonard Konopelski Polish Theatre Vintage Art Posters Polish theater Poster Original Year: Theater Mother by Maxim Gorki in Teatr im. J. Osterwy in Lublin, Poland","Leonard Konopelski, buy online vintage original poster art from Poland, Polish Theatre Vintage Art Posters Polish theater Poster Original Year: Theater Mother by Maxim Gorki in Teatr im. J. Osterwy in Lublin, Poland",Leonard Konopelski Mother Maxim Gorki,,,,,Mother Maxim Gorki,,,,,,,,,,,,,,,,,,,,,,leonard-konopelski/mother-maxim-gorki,leonard-konopelski/mother-maxim-gorki.html,,,,,,,,,,,,,,,,,,,,,,,,,,,,,,,,,,,,,,,,,,,,,,,,,,,,,,,,,,,,
,poster,,,,,,,,,,,,,,,,,,,,,,,,,,,,,,,Leonard Konopelski Mutter PIGASUS Polnische Plakatkunst Leonard Konopelski Plakat Shop Berlin plakatkunst kaufen Pigasus plakatkunst in Polen Plakatkünstler Leonard Konopelski Original Theaterplakate Matka Polnisches Theaterposter Original Theateraufführu,"Leonard Konopelski theaterplakate berlin Polen Plakatkünstler Original Matka Polnisches Theaterposter Original Theateraufführung Die Mutter in Teatr im. J. Osterwy in Lublin, Polen",Leonard Konopelski Mutter,,,,,Mutter Maxim Gorki,,,,,,,,,,,,,,,,,,,,,,leonard-konopelski/mutter-maxim-gorki,leonard-konopelski/mutter-maxim-gorki.html,,,,,,,,,,,,,,,,,,,,,,,,,,,,,,,,,,,,,,,,,,,,,,,,,,,,,,,,,,,,
,plakat,,,,,,,,,,,,,,,,,,,,,,,,,,,,,,,Leonard Konopelski Matka PIGASUS polski plakat sklep Leonard Konopelski kup oryginalne Polskie Plakaty Polska Szkoła Plakatu sklep internetowy Matka plakat teatralny pierwodruk Przedstawienie teatralne Matka Maxima Gorkiego Teatrze im. J. Osterwy w Lublin,Leonard Konopelski Matka PIGASUS polski plakat kup oryginalne Polskie Plakaty Polska Szkoła Plakatu sklep internetowy,Leonard Konopelski Matka Maxim Gorki,,,,,,,,,,,,,,,,,,,,,,,,,,,,,,,,,,,,,,,,,,,,,,,,,,,,,,,,,,,,,,,,,,,,,,,,,,,,,,,,,,,,,,,,
PosterLK00115,,Default,simple,THEATER,Default Category,base,,,,,,2012-07-14 00:00:00,,,,,1972 / R 2008,Polish Poster,Konopelski,,reprint,,,,,0,/k/o/konopelski-posterlk00115.jpg,,,,,,,,,,,,Matka Maxim Gorki,,,,,mint,130.0000,digital reprint,0,Matka Maxim Gorki,ca. 70x100 cm,/k/o/konopelski-posterlk00115.jpg,,,,,,1,2,/k/o/konopelski-posterlk00115.jpg,,2014-11-06 18:58:50,leonard-konopelski/matka-gorki,leonard-konopelski/matka-gorki.html,4,10.0000,100.0000,0.0000,1,0,0,1,1.0000,1,0.0000,1,1,,1,1,0,0,1,0.0000,1,0,0,,,,,,,,,,,,,,,,,88,/k/o/konopelski-posterlk00115.jpg,,0,1,,,,,,,,,,,,,,,,
,posters,,,,,,,,,,,,,,,,,,,,,,,,,,,,,,,,,,,,,,Mother Maxim Gorki,,,,,,,,,,,,,,,,,,,,,,leonard-konopelski/mother-gorki,leonard-konopelski/mother-gorki.html,,,,,,,,,,,,,,,,,,,,,,,,,,,,,,,,,,,,,,,,,,,,,,,,,,,,,,,,,,,,
,poster,,,,,,,,,,,,,,,,,,,,,,,,,,,,,,,,,,,,,,Mutter Maxim Gorki,,,,,,,,,,,,,,,,,,,,,,leonard-konopelski/mutter-gorki,leonard-konopelski/mutter-gorki.html,,,,,,,,,,,,,,,,,,,,,,,,,,,,,,,,,,,,,,,,,,,,,,,,,,,,,,,,,,,,
PosterLK00116,,Default,simple,THEATER,Default Category,base,,,,,,2012-07-14 00:00:00,,,,,1969 / R 2008,Polish Poster,Konopelski,,reprint,,,,,0,/k/o/konopelski-posterlk00116.jpg,,,,,,,,,,,,Rewizor,,,,,mint,130.0000,digital reprint,0,Rewizor,ca. 70x100 cm,/k/o/konopelski-posterlk00116.jpg,,,,,,1,2,/k/o/konopelski-posterlk00116.jpg,,2014-11-06 18:58:50,leonard-konopelski/rewizor,leonard-konopelski/rewizor.html,4,10.0000,100.0000,0.0000,1,0,0,1,1.0000,1,0.0000,1,1,,1,1,0,0,1,0.0000,1,0,0,,,,,,,,,,,,,,,,,88,/k/o/konopelski-posterlk00116.jpg,,0,1,,,,,,,,,,,,,,,,
,posters,,,,,,,,,,,,,,,,,,,,,,,,,,,,,,,,,,,,,,Revizor,,,,,,,,,,,,,,,,,,,,,,leonard-konopelski/revizor,leonard-konopelski/revizor.html,,,,,,,,,,,,,,,,,,,,,,,,,,,,,,,,,,,,,,,,,,,,,,,,,,,,,,,,,,,,
,poster,,,,,,,,,,,,,,,,,,,,,,,,,,,,,,,,,,,,,,Revisor,,,,,,,,,,,,,,,,,,,,,,leonard-konopelski/revisor,leonard-konopelski/revisor.html,,,,,,,,,,,,,,,,,,,,,,,,,,,,,,,,,,,,,,,,,,,,,,,,,,,,,,,,,,,,
PosterLK00118,,Default,simple,EXHIBITION,Default Category,base,,,,,,2012-07-14 00:00:00,,,,,1999 / R 2008,Polish Poster,Konopelski,,reprint,,,,,0,/k/o/konopelski-posterlk00118.jpg,,,,,,,,,,,,Little Format Exhibition,,,,,mint,130.0000,digital reprint,0,Little Format Exhibition,ca. 61x91 cm,/k/o/konopelski-posterlk00118.jpg,,,,,,1,2,/k/o/konopelski-posterlk00118.jpg,,2014-11-06 18:58:50,leonard-konopelski/little-format-exhibition,leonard-konopelski/little-format-exhibition.html,4,10.0000,100.0000,0.0000,1,0,0,1,1.0000,1,0.0000,1,1,,1,1,0,0,1,0.0000,1,0,0,,,,,,,,,,,,,,,,,88,/k/o/konopelski-posterlk00118.jpg,,0,1,,,,,,,,,,,,,,,,
PosterLK00119,,Default,simple,THEATER,Default Category,base,,,,,,2012-07-14 00:00:00,,,,,1975 / R 2008,Polish Poster,Konopelski,,reprint,,,,,0,/k/o/konopelski-posterlk00119.jpg,,,,,,,,,,,,Rodeo,,,,,mint,130.0000,digital reprint,0,Rodeo,ca. 70x100 cm,/k/o/konopelski-posterlk00119.jpg,,,,,,1,2,/k/o/konopelski-posterlk00119.jpg,,2014-11-06 18:58:50,leonard-konopelski/rodeo,leonard-konopelski/rodeo.html,4,10.0000,100.0000,0.0000,1,0,0,1,1.0000,1,0.0000,1,1,,1,1,0,0,1,0.0000,1,0,0,,,,,,,,,,,,,,,,,88,/k/o/konopelski-posterlk00119.jpg,,0,1,,,,,,,,,,,,,,,,
PosterLK00120,,Default,simple,OTHER POSTER,Default Category,base,,,,,,2012-07-14 00:00:00,,,,,1980 / R 2008,Polish Poster,Konopelski,,reprint,Nein,,,,0,/k/o/konopelski-posterlk00120.jpg,,,,Nein,,,,,,Im Einkaufswagen,Nein,Moscow 80 Weight Liffting,,,Produktinformationsspalte,,mint,130.0000,digital reprint,0,Moscow 80 Weight Liffting,"ca. 65,5x101,5 cm",/k/o/konopelski-posterlk00120.jpg,,,,,,1,2,/k/o/konopelski-posterlk00120.jpg,,2021-10-30 14:43:12,leonard-konopelski/moscow-80-weight-liffting,leonard-konopelski/moscow-80-weight-liffting.html,3,10.0000,0.0000,0.0000,1,0,0,1,1.0000,1,0.0000,1,0,,1,1,0,1,1,0.0000,1,0,0,,,,,,,,,,,,,,,,,88,/k/o/konopelski-posterlk00120.jpg,,0,1,,,,,,,,,,,,,,,,
,posters,,,,,,,,,,,,,,,,,,,,,,,,,,,,,,,Leonard Konopelski Moscow 80 Weight Liffting buy online vintage original poster art from Poland Leonard Konopelski Polish sport posters Polish Olympic poster Olympic poster Moscow 80 Weight Liffting,"Leonard Konopelski, buy online vintage original poster art from Poland, Polish sport posters Polish Olympic poster Olympic poster Moscow 80 Weight Liffting",Leonard Konopelski Moscow 80 Weight Liffting,,,,,,,,,,,,,,,,,,,,,,,,,,,leonard-konopelski/moscow-80,leonard-konopelski/moscow-80.html,,,,,,,,,,,,,,,,,,,,,,,,,,,,,,,,,,,,,,,,,,,,,,,,,,,,,,,,,,,,
,poster,,,,,,,,,,,,,,,,,,,,,,,,,,,,,,,Leonard Konopelski Moscow 80 Weight Liffting PIGASUS Polnische Plakatkunst Leonard Konopelski Plakat Shop Berlin plakatkunst kaufen Pigasus plakatkunst in Polen Plakatkünstler Leonard Konopelski Original Theaterplakate Moscow 80 Weight Liffting Polnisches,Leonard Konopelski polski plakat sportowy reklamowy sklep Plakatkünstler Original Moscow 80 Weight Liffting Polnisches Olympia-Plakat Olympia-Plakat Moskau 1980 ,Leonard Konopelski Moscow 80 Weight Liffting,,,,,,,,,,,,,,,,,,,,,,,,,,,leonard-konopelski/moscow-80,leonard-konopelski/moscow-80.html,,,,,,,,,,,,,,,,,,,,,,,,,,,,,,,,,,,,,,,,,,,,,,,,,,,,,,,,,,,,
,plakat,,,,,,,,,,,,,,,,,,,,,,,,,,,,,,,Leonard Konopelski Moscow 80 Weight Liffting PIGASUS polski plakat sklep Leonard Konopelski kup oryginalne Polskie Plakaty Polska Szkoła Plakatu sklep internetowy Moscow 80 Weight Liffting plakat sportowy Plakat olimpijski Moscow 80 Weight Liffting,Leonard Konopelski Moscow 80 Weight Liffting PIGASUS polski plakat kup oryginalne Polskie Plakaty Polska Szkoła Plakatu sklep internetowy,Leonard Konopelski Moscow 80 Weight Liffting,,,,,,,,,,,,,,,,,,,,,,,,,,,,,,,,,,,,,,,,,,,,,,,,,,,,,,,,,,,,,,,,,,,,,,,,,,,,,,,,,,,,,,,,
PosterLK00121,,Default,simple,OTHER POSTER,Default Category,base,,,,,,2012-07-14 00:00:00,,,,,1977,Polish Poster,Konopelski,,original,Nein,,,,0,/k/o/konopelski-posterlk00121.jpg,Moscow 1980,,,Nein,,,,,,Im Einkaufswagen,Nein,Moscow 1980,,,Produktinformationsspalte,,mint,100.0000,offset,0,Moscow 1980,"ca. 66,5x93,5 cm",/k/o/konopelski-posterlk00121.jpg,Moscow 1980,,,,,1,2,/k/o/konopelski-posterlk00121.jpg,Moscow 1980,2015-02-08 23:09:59,leonard-konopelski/moscow-1980,leonard-konopelski/moscow-1980.html,4,10.0000,100.0000,0.0000,1,0,0,1,1.0000,1,0.0000,1,1,,1,1,0,0,1,0.0000,1,0,0,,,,,,,,,,,,,,,,,88,/k/o/konopelski-posterlk00121.jpg,Moscow 1980,0,1,,,,,,,,,,,,,,,,
,posters,,,,,,,,,,,,,,,,,,,,,,,,,,,,,,,Leonard Konopelski Moscow 1980 buy online vintage original poster art from Poland Leonard Konopelski Polish Theatre Vintage Art Posters Polish Olympic poster Original Year: 1977 Olympic poster Moscow 1980,"Leonard Konopelski, buy online vintage original poster art from Poland, Polish Theatre Vintage Art Posters Polish Olympic poster Original Year: 1977 Olympic poster Moscow 1980",Leonard Konopelski Moscow 1980,,,,,,,,,,,,,,,,,,,,,,,,,,,,,,,,,,,,,,,,,,,,,,,,,,,,,,,,,,,,,,,,,,,,,,,,,,,,,,,,,,,,,,,,
,poster,,,,,,,,,,,,,,,,,,,,,,,,,,,,,,,Leonard Konopelski Moscow 1980 PIGASUS Polnische Plakatkunst Leonard Konopelski Plakat Shop Berlin plakatkunst kaufen Pigasus plakatkunst in Polen Plakatkünstler Leonard Konopelski Original Theaterplakate Moscow 1980 Polnisches Olympia-Plakat- Original Ol,Leonard Konopelski theaterplakate berlin Polen Plakatkünstler Original Moscow 1980 Polnisches Olympia-Plakat- Original Olympia-Plakat Moscow 1980,Leonard Konopelski Moscow 1980,,,,,,,,,,,,,,,,,,,,,,,,,,,,,,,,,,,,,,,,,,,,,,,,,,,,,,,,,,,,,,,,,,,,,,,,,,,,,,,,,,,,,,,,
,plakat,,,,,,,,,,,,,,,,,,,,,,,,,,,,,,,Leonard Konopelski Moscow 1980 PIGASUS polski plakat sklep Leonard Konopelski kup oryginalne Polskie Plakaty Polska Szkoła Plakatu sklep internetowy Moscow 1980 plakat sportowy pierwodruk dobry Olimpiada w Moskwie Moscow 1980,Leonard Konopelski Moscow 1980 PIGASUS polski plakat kup oryginalne Polskie Plakaty Polska Szkoła Plakatu sklep internetowy,Leonard Konopelski Moscow 1980,,,,,,,,,,,,,,,,,,,,,,,,,,,,,,,,,,,,,,,,,,,,,,,,,,,,,,,,,,,,,,,,,,,,,,,,,,,,,,,,,,,,,,,,
PosterLK00122,,Default,simple,THEATER,Default Category,base,,,,,,2012-07-14 00:00:00,,,,,1977 / R 2008,Polish Poster,Konopelski,,reprint,,,,,0,/k/o/konopelski-posterlk00122.jpg,,,,,,,,,,,,Szkoła żon,,,,,mint,130.0000,digital reprint,0,Szkoła żon,ca. 70x100 cm,/k/o/konopelski-posterlk00122.jpg,,,,,,1,2,/k/o/konopelski-posterlk00122.jpg,,2014-11-06 18:58:51,leonard-konopelski/szkola-zon,leonard-konopelski/szkola-zon.html,4,10.0000,100.0000,0.0000,1,0,0,1,1.0000,1,0.0000,1,1,,1,1,0,0,1,0.0000,1,0,0,,,,,,,,,,,,,,,,,88,/k/o/konopelski-posterlk00122.jpg,,0,1,,,,,,,,,,,,,,,,
,posters,,,,,,,,,,,,,,,,,,,,,,,,,,,,,,,,,,,,,,Critique of the School for Wives Molière,,,,,,,,,,,,,,,,,,,,,,leonard-konopelski/critique-of-the-school-for-wives-moliere,leonard-konopelski/critique-of-the-school-for-wives-moliere.html,,,,,,,,,,,,,,,,,,,,,,,,,,,,,,,,,,,,,,,,,,,,,,,,,,,,,,,,,,,,
,poster,,,,,,,,,,,,,,,,,,,,,,,,,,,,,,,,,,,,,,Schule der Frauen,,,,,,,,,,,,,,,,,,,,,,leonard-konopelski/schule-der-frauen-molier,leonard-konopelski/schule-der-frauen-molier.html,,,,,,,,,,,,,,,,,,,,,,,,,,,,,,,,,,,,,,,,,,,,,,,,,,,,,,,,,,,,
PosterLK00123,,Default,simple,THEATER,Default Category,base,,,,,,2012-07-14 00:00:00,,,,,1977 / R 2008,Polish Poster,Konopelski,,reprint,,,,,0,/k/o/konopelski-posterlk00123.jpg,,,,,,,,,,,,Szkoła żon,,,,,mint,130.0000,digital reprint,0,Szkoła żon,ca. 70x100 cm,/k/o/konopelski-posterlk00123.jpg,,,,,,1,2,/k/o/konopelski-posterlk00123.jpg,,2014-11-06 18:58:51,leonard-konopelski/szkola-zon-molier,leonard-konopelski/szkola-zon-molier.html,4,10.0000,100.0000,0.0000,1,0,0,1,1.0000,1,0.0000,1,1,,1,1,0,0,1,0.0000,1,0,0,,,,,,,,,,,,,,,,,88,/k/o/konopelski-posterlk00123.jpg,,0,1,,,,,,,,,,,,,,,,
,posters,,,,,,,,,,,,,,,,,,,,,,,,,,,,,,,,,,,,,,Critique of the School for Wives Molière,,,,,,,,,,,,,,,,,,,,,,leonard-konopelski/critique-of-the-school-for-wives,leonard-konopelski/critique-of-the-school-for-wives.html,,,,,,,,,,,,,,,,,,,,,,,,,,,,,,,,,,,,,,,,,,,,,,,,,,,,,,,,,,,,
,poster,,,,,,,,,,,,,,,,,,,,,,,,,,,,,,,,,,,,,,Schule der Frauen,,,,,,,,,,,,,,,,,,,,,,leonard-konopelski/schule-der-frauen,leonard-konopelski/schule-der-frauen.html,,,,,,,,,,,,,,,,,,,,,,,,,,,,,,,,,,,,,,,,,,,,,,,,,,,,,,,,,,,,
PosterLK00124,,Default,simple,THEATER,Default Category,base,,,,,,2012-07-14 00:00:00,,,,,1973 / R 2008,Polish Poster,Konopelski,,reprint,,,,,0,/k/o/konopelski-posterlk00124.jpg,,,,,,,,,,,,Wieczór Trzech Króli,,,,,mint,130.0000,digital reprint,0,Wieczór Trzech Króli,ca. 70x100 cm,/k/o/konopelski-posterlk00124.jpg,,,,,,1,2,/k/o/konopelski-posterlk00124.jpg,,2018-02-08 17:08:48,leonard-konopelski/wieczor-trzech-kroli-szekspir,leonard-konopelski/wieczor-trzech-kroli-szekspir.html,3,10.0000,0.0000,0.0000,1,0,0,1,1.0000,1,0.0000,1,0,,1,1,0,0,1,0.0000,1,0,0,,,,,,,,,,,,,,,,,88,/k/o/konopelski-posterlk00124.jpg,,0,1,,,,,,,,,,,,,,,,
,posters,,,,,,,,,,,,,,,,,,,,,,,,,,,,,,,,,,,,,,"Twelfth Night, Or What You Will William Shakespeare",,,,,,,,,,,,,,,,,,,,,,leonard-konopelski/twelfth-night-or-what-you-will-shakespeare,leonard-konopelski/twelfth-night-or-what-you-will-shakespeare.html,,,,,,,,,,,,,,,,,,,,,,,,,,,,,,,,,,,,,,,,,,,,,,,,,,,,,,,,,,,,
,poster,,,,,,,,,,,,,,,,,,,,,,,,,,,,,,,,,,,,,,Was ihr wollt,,,,,,,,,,,,,,,,,,,,,,leonard-konopelski/was-ihr-wollt-william-shakespeare,leonard-konopelski/was-ihr-wollt-william-shakespeare.html,,,,,,,,,,,,,,,,,,,,,,,,,,,,,,,,,,,,,,,,,,,,,,,,,,,,,,,,,,,,
PosterLK00125,,Default,simple,THEATER,Default Category,base,,,,,,2012-07-14 00:00:00,,,,,1976 / R 2008,Polish Poster,Konopelski,,reprint,,,,,0,/k/o/konopelski-posterlk00125.jpg,,,,,,,,,,,,Wieczór Trzech Króli,,,,,mint,130.0000,digital reprint,0,Wieczór Trzech Króli,ca. 63x88 cm,/k/o/konopelski-posterlk00125.jpg,,,,,,1,2,/k/o/konopelski-posterlk00125.jpg,,2014-11-06 18:58:51,leonard-konopelski/wieczor-trzech-kroli,leonard-konopelski/wieczor-trzech-kroli.html,4,10.0000,100.0000,0.0000,1,0,0,1,1.0000,1,0.0000,1,1,,1,1,0,0,1,0.0000,1,0,0,,,,,,,,,,,,,,,,,88,/k/o/konopelski-posterlk00125.jpg,,0,1,,,,,,,,,,,,,,,,
,posters,,,,,,,,,,,,,,,,,,,,,,,,,,,,,,,,,,,,,,"Twelfth night, Or What You Will William Shakespeare",,,,,,,,,,,,,,,,,,,,,,leonard-konopelski/twelfth-night-or-what-you-will-william-shakespeare,leonard-konopelski/twelfth-night-or-what-you-will-william-shakespeare.html,,,,,,,,,,,,,,,,,,,,,,,,,,,,,,,,,,,,,,,,,,,,,,,,,,,,,,,,,,,,
,poster,,,,,,,,,,,,,,,,,,,,,,,,,,,,,,,,,,,,,,Was ihr wollt,,,,,,,,,,,,,,,,,,,,,,leonard-konopelski/was-ihr-wollt,leonard-konopelski/was-ihr-wollt.html,,,,,,,,,,,,,,,,,,,,,,,,,,,,,,,,,,,,,,,,,,,,,,,,,,,,,,,,,,,,
PosterLK00126,,Default,simple,THEATER,Default Category,base,,,,,,2012-07-14 00:00:00,,,,,1988 / R 2008,Polish Poster,Konopelski,,reprint,,,,,0,/k/o/konopelski-posterlk00126.jpg,,,,,,,,,,,,Umarła klasa Tadeusz Kantor,,,,,mint,130.0000,digital reprint,0,Umarła klasa Tadeusz Kantor,ca. 70x100 cm,/k/o/konopelski-posterlk00126.jpg,,,,,,1,2,/k/o/konopelski-posterlk00126.jpg,,2014-11-06 18:58:51,leonard-konopelski/umarla-klasa-tadeusz-kantor,leonard-konopelski/umarla-klasa-tadeusz-kantor.html,4,10.0000,100.0000,0.0000,1,0,0,1,1.0000,1,0.0000,1,1,,1,1,0,0,1,0.0000,1,0,0,,,,,,,,,,,,,,,,,88,/k/o/konopelski-posterlk00126.jpg,,0,1,,,,,,,,,,,,,,,,
,posters,,,,,,,,,,,,,,,,,,,,,,,,,,,,,,,,,,,,,,Dead Class Tadeusz Kantor,,,,,,,,,,,,,,,,,,,,,,leonard-konopelski/dead-class-tadeusz-kantor,leonard-konopelski/dead-class-tadeusz-kantor.html,,,,,,,,,,,,,,,,,,,,,,,,,,,,,,,,,,,,,,,,,,,,,,,,,,,,,,,,,,,,
,poster,,,,,,,,,,,,,,,,,,,,,,,,,,,,,,,,,,,,,,Tote Klasse Tadeusz Kantor,,,,,,,,,,,,,,,,,,,,,,leonard-konopelski/tote-klasse-tadeusz-kantor,leonard-konopelski/tote-klasse-tadeusz-kantor.html,,,,,,,,,,,,,,,,,,,,,,,,,,,,,,,,,,,,,,,,,,,,,,,,,,,,,,,,,,,,
PosterLK00127,,Default,simple,THEATER,Default Category,base,,,,,,2012-07-14 00:00:00,,,,,1976 / R 2008,Polish Poster,Konopelski,,reprint,,,,,0,/k/o/konopelski-posterlk00127.jpg,,,,,,,,,,,,Hedda Gabler,,,,,mint,130.0000,digital reprint,0,Hedda Gabler,ca. 70x100 cm,/k/o/konopelski-posterlk00127.jpg,,,,,,1,2,/k/o/konopelski-posterlk00127.jpg,,2014-11-06 18:58:51,leonard-konopelski/hedda-gabler,leonard-konopelski/hedda-gabler.html,4,10.0000,100.0000,0.0000,1,0,0,1,1.0000,1,0.0000,1,1,,1,1,0,0,1,0.0000,1,0,0,,,,,,,,,,,,,,,,,88,/k/o/konopelski-posterlk00127.jpg,,0,1,,,,,,,,,,,,,,,,
PosterLK00128,,Default,simple,THEATER,Default Category,base,,,,,,2012-07-14 00:00:00,,,,,1977 / R 2008,Polish Poster,Konopelski,,reprint,,,,,0,/k/o/konopelski-posterlk00128.jpg,,,,,,,,,,,,The Odyssey Theatre Ensamble,,,,,mint,130.0000,digital reprint,0,The Odyssey Theatre Ensamble,ca. 70x100 cm,/k/o/konopelski-posterlk00128.jpg,,,,,,1,2,/k/o/konopelski-posterlk00128.jpg,,2014-11-06 18:58:51,leonard-konopelski/the-odyssey-theatre-ensamble,leonard-konopelski/the-odyssey-theatre-ensamble.html,4,10.0000,100.0000,0.0000,1,0,0,1,1.0000,1,0.0000,1,1,,1,1,0,0,1,0.0000,1,0,0,,,,,,,,,,,,,,,,,88,/k/o/konopelski-posterlk00128.jpg,,0,1,,,,,,,,,,,,,,,,
,posters,,,,,,,,,,,,,,,,,,,,,,,,,,,,,,,,,,,,,,Odyssey Theatre Ensamble,,,,,,,,,,,,,,,,,,,,,,leonard-konopelski/odyssey-theatre-ensamble,leonard-konopelski/odyssey-theatre-ensamble.html,,,,,,,,,,,,,,,,,,,,,,,,,,,,,,,,,,,,,,,,,,,,,,,,,,,,,,,,,,,,
,poster,,,,,,,,,,,,,,,,,,,,,,,,,,,,,,,,,,,,,,Odyssey Theatre Ensamble,,,,,,,,,,,,,,,,,,,,,,leonard-konopelski/odyssey-theatre-ensamble,leonard-konopelski/odyssey-theatre-ensamble.html,,,,,,,,,,,,,,,,,,,,,,,,,,,,,,,,,,,,,,,,,,,,,,,,,,,,,,,,,,,,
PosterLK00129,,Default,simple,MUSIC POSTER,Default Category,base,,,,,,2012-07-14 00:00:00,,,,,1977 / R 2008,Polish Poster,Konopelski,,reprint,,,,,0,/k/o/konopelski-posterlk00129.jpg,,,,,,,,,,,,Comedians and Trevor Griffiths Music Cente,,,,,mint,130.0000,digital reprint,0,Comedians and Trevor Griffiths Music Cente,"ca. 73,5x100 cm",/k/o/konopelski-posterlk00129.jpg,,,,,,1,2,/k/o/konopelski-posterlk00129.jpg,,2014-11-06 18:58:51,leonard-konopelski/comedians-and-trevor-griffiths-music-cente,leonard-konopelski/comedians-and-trevor-griffiths-music-cente.html,4,10.0000,100.0000,0.0000,1,0,0,1,1.0000,1,0.0000,1,1,,1,1,0,0,1,0.0000,1,0,0,,,,,,,,,,,,,,,,,88,/k/o/konopelski-posterlk00129.jpg,,0,1,,,,,,,,,,,,,,,,
,posters,,,,,,,,,,,,,,,,,,,,,,,,,,,,,,,,,,,,,,Comedians and Trevor Griffiths Music Center,,,,,,,,,,,,,,,,,,,,,,leonard-konopelski/comedians-trevor-griffiths-music-center,leonard-konopelski/comedians-trevor-griffiths-music-center.html,,,,,,,,,,,,,,,,,,,,,,,,,,,,,,,,,,,,,,,,,,,,,,,,,,,,,,,,,,,,
,poster,,,,,,,,,,,,,,,,,,,,,,,,,,,,,,,,,,,,,,Comedians and Trevor Griffiths Music Center,,,,,,,,,,,,,,,,,,,,,,leonard-konopelski/comedians-trevor-griffiths-music-center,leonard-konopelski/comedians-trevor-griffiths-music-center.html,,,,,,,,,,,,,,,,,,,,,,,,,,,,,,,,,,,,,,,,,,,,,,,,,,,,,,,,,,,,
PosterLK00130,,Default,simple,THEATER,Default Category,base,,,,,,2012-07-14 00:00:00,,,,,1968,Polish Poster,Konopelski,,original,,,,,0,/k/o/konopelski-posterlk00130.jpg,,,,,,,,,,,,Otello,,,,,mint,300.0000,offset,0,Otello,ca. A1 = 58x82 cm / 23x33 in,/k/o/konopelski-posterlk00130.jpg,,,,,,1,2,/k/o/konopelski-posterlk00130.jpg,,2014-11-06 18:58:51,leonard-konopelski/otello,leonard-konopelski/otello.html,4,10.0000,100.0000,0.0000,1,0,0,1,1.0000,1,0.0000,1,1,,1,1,0,0,1,0.0000,1,0,0,,,,,,,,,,,,,,,,,88,/k/o/konopelski-posterlk00130.jpg,,0,1,,,,,,,,,,,,,,,,
,posters,,,,,,,,,,,,,,,,,,,,,,,,,,,,,,,,,,,,,,Othello,,,,,,,,,,,,,,,,,,,,,,leonard-konopelski/othello,leonard-konopelski/othello.html,,,,,,,,,,,,,,,,,,,,,,,,,,,,,,,,,,,,,,,,,,,,,,,,,,,,,,,,,,,,
,poster,,,,,,,,,,,,,,,,,,,,,,,,,,,,,,,,,,,,,,Othello,,,,,,,,,,,,,,,,,,,,,,leonard-konopelski/othello,leonard-konopelski/othello.html,,,,,,,,,,,,,,,,,,,,,,,,,,,,,,,,,,,,,,,,,,,,,,,,,,,,,,,,,,,,
PosterLK00131,,Default,simple,EXHIBITION,Default Category,base,,,,,,2012-07-14 00:00:00,,,,,1976 / R 2008,Polish Poster,Konopelski,,reprint,,,,,0,/k/o/konopelski-posterlk00131.jpg,,,,,,,,,,,,The Old spaghetti Factory,,,,,mint,140.0000,digital reprint,0,The Old spaghetti Factory,ca. B1 = 68x97cm = 27x38 in,/k/o/konopelski-posterlk00131.jpg,,,,,,1,2,/k/o/konopelski-posterlk00131.jpg,,2014-11-06 18:58:51,leonard-konopelski/the-old-spaghetti-factory,leonard-konopelski/the-old-spaghetti-factory.html,4,10.0000,100.0000,0.0000,1,0,0,1,1.0000,1,0.0000,1,1,,1,1,0,0,1,0.0000,1,0,0,,,,,,,,,,,,,,,,,88,/k/o/konopelski-posterlk00131.jpg,,0,1,,,,,,,,,,,,,,,,
,posters,,,,,,,,,,,,,,,,,,,,,,,,,,,,,,,,,,,,,,Old spaghetti Factory,,,,,,,,,,,,,,,,,,,,,,leonard-konopelski/old-spaghetti-factory,leonard-konopelski/old-spaghetti-factory.html,,,,,,,,,,,,,,,,,,,,,,,,,,,,,,,,,,,,,,,,,,,,,,,,,,,,,,,,,,,,
,poster,,,,,,,,,,,,,,,,,,,,,,,,,,,,,,,,,,,,,,,,,,,,,,,,,,,,,,,,,,,,leonard-konopelski/old-spaghetti-factory,leonard-konopelski/old-spaghetti-factory.html,,,,,,,,,,,,,,,,,,,,,,,,,,,,,,,,,,,,,,,,,,,,,,,,,,,,,,,,,,,,
PosterLK00132,,Default,simple,THEATER,Default Category,base,,,,,,2012-07-14 00:00:00,,,,,1972 / R 2008,Polish Poster,Konopelski,,reprint,,,,,0,/k/o/konopelski-posterlk00132.jpg,,,,,,,,,,,,Dybbuk Sloyme Ansky,,,,,mint,130.0000,digital reprint,0,Dybbuk Sloyme Ansky,ca. 70x100 cm,/k/o/konopelski-posterlk00132.jpg,,,,,,1,2,/k/o/konopelski-posterlk00132.jpg,,2014-11-06 18:58:51,leonard-konopelski/dybbuk,leonard-konopelski/dybbuk.html,4,10.0000,100.0000,0.0000,1,0,0,1,1.0000,1,0.0000,1,1,,1,1,0,0,1,0.0000,1,0,0,,,,,,,,,,,,,,,,,88,/k/o/konopelski-posterlk00132.jpg,,0,1,,,,,,,,,,,,,,,,
,posters,,,,,,,,,,,,,,,,,,,,,,,,,,,,,,,,,,,,,,,,,,,,,,,,,,,,,,,,,,,,leonard-konopelski/dybbuk-ansky,leonard-konopelski/dybbuk-ansky.html,,,,,,,,,,,,,,,,,,,,,,,,,,,,,,,,,,,,,,,,,,,,,,,,,,,,,,,,,,,,
,poster,,,,,,,,,,,,,,,,,,,,,,,,,,,,,,,,,,,,,,,,,,,,,,,,,,,,,,,,,,,,leonard-konopelski/dybbuk-sloyme-ansky,leonard-konopelski/dybbuk-sloyme-ansky.html,,,,,,,,,,,,,,,,,,,,,,,,,,,,,,,,,,,,,,,,,,,,,,,,,,,,,,,,,,,,
PosterLK00133,,Default,simple,THEATER,Default Category,base,,,,,,2012-07-14 00:00:00,,,,,1972 / R 2008,Polish Poster,Konopelski,,reprint,,,,,0,/k/o/konopelski-posterlk00133.jpg,,,,,,,,,,,,Dybbuk Sloyme Ansky,,,,,mint,130.0000,digital reprint,0,Dybbuk Sloyme Ansky,ca. 70x100 cm,/k/o/konopelski-posterlk00133.jpg,,,,,,1,2,/k/o/konopelski-posterlk00133.jpg,,2014-11-06 18:58:51,leonard-konopelski/dybbuk-sloyme-ansky,leonard-konopelski/dybbuk-sloyme-ansky.html,4,10.0000,100.0000,0.0000,1,0,0,1,1.0000,1,0.0000,1,1,,1,1,0,0,1,0.0000,1,0,0,,,,,,,,,,,,,,,,,88,/k/o/konopelski-posterlk00133.jpg,,0,1,,,,,,,,,,,,,,,,
,poster,,,,,,,,,,,,,,,,,,,,,,,,,,,,,,,,,,,,,,,,,,,,,,,,,,,,,,,,,,,,leonard-konopelski/dybbuk,leonard-konopelski/dybbuk.html,,,,,,,,,,,,,,,,,,,,,,,,,,,,,,,,,,,,,,,,,,,,,,,,,,,,,,,,,,,,
PosterLK00135,,Default,simple,THEATER,Default Category,base,,,,,,2012-07-14 00:00:00,,,,,1983,Polish Poster,Konopelski,,original,,,,,0,/k/o/konopelski-posterlk00135.jpg,,,,,,,,,,,,Matka Stanisław Ignacy Witkiewicz Witkacy,,,,,mint,90.0000,offset,0,Matka Stanisław Ignacy Witkiewicz Witkacy,"ca. 51x68,5 cm ",/k/o/konopelski-posterlk00135.jpg,,,,,,1,2,/k/o/konopelski-posterlk00135.jpg,,2014-11-06 18:58:51,leonard-konopelski/matka-stanislaw-ignacy-witkiewicz-witkacy,leonard-konopelski/matka-stanislaw-ignacy-witkiewicz-witkacy.html,4,10.0000,100.0000,0.0000,1,0,0,1,1.0000,1,0.0000,1,1,,1,1,0,0,1,0.0000,1,0,0,,,,,,,,,,,,,,,,,88,/k/o/konopelski-posterlk00135.jpg,,0,1,,,,,,,,,,,,,,,,
,posters,,,,,,,,,,,,,,,,,,,,,,,,,,,,,,,,,,,,,,Mother Stanisław Ignacy Witkiewicz Witkacy,,,,,,,,,,,,,,,,,,,,,,leonard-konopelski/mother-stanislaw-ignacy-witkiewicz-witkacy,leonard-konopelski/mother-stanislaw-ignacy-witkiewicz-witkacy.html,,,,,,,,,,,,,,,,,,,,,,,,,,,,,,,,,,,,,,,,,,,,,,,,,,,,,,,,,,,,
,poster,,,,,,,,,,,,,,,,,,,,,,,,,,,,,,,,,,,,,,Mutter Stanisław Ignacy Witkiewicz Witkacy,,,,,,,,,,,,,,,,,,,,,,leonard-konopelski/mutter-stanislaw-ignacy-witkiewicz-witkacy,leonard-konopelski/mutter-stanislaw-ignacy-witkiewicz-witkacy.html,,,,,,,,,,,,,,,,,,,,,,,,,,,,,,,,,,,,,,,,,,,,,,,,,,,,,,,,,,,,
PosterLK00136,,Default,simple,THEATER,Default Category,base,,,,,,2012-07-14 00:00:00,,,,,1975,Polish Poster,Konopelski,,original,,,,,0,/k/o/konopelski-posterlk00136.jpg,,,,,,,,,,,,Komedia rodzinna,,,,,mint,100.0000,offset,0,Komedia rodzinna,ca. A1 = 58x82 cm / 23x33 in,/k/o/konopelski-posterlk00136.jpg,,,,,,1,2,/k/o/konopelski-posterlk00136.jpg,,2014-11-06 18:58:51,leonard-konopelski/komedia-rodzinna,leonard-konopelski/komedia-rodzinna.html,4,10.0000,100.0000,0.0000,1,0,0,1,1.0000,1,0.0000,1,1,,1,1,0,0,1,0.0000,1,0,0,,,,,,,,,,,,,,,,,88,/k/o/konopelski-posterlk00136.jpg,,0,1,,,,,,,,,,,,,,,,
,posters,,,,,,,,,,,,,,,,,,,,,,,,,,,,,,,,,,,,,,Family Comedy,,,,,,,,,,,,,,,,,,,,,,leonard-konopelski/family-comedy,leonard-konopelski/family-comedy.html,,,,,,,,,,,,,,,,,,,,,,,,,,,,,,,,,,,,,,,,,,,,,,,,,,,,,,,,,,,,
,poster,,,,,,,,,,,,,,,,,,,,,,,,,,,,,,,,,,,,,,Familien Komodie,,,,,,,,,,,,,,,,,,,,,,leonard-konopelski/familien-komodie,leonard-konopelski/familien-komodie.html,,,,,,,,,,,,,,,,,,,,,,,,,,,,,,,,,,,,,,,,,,,,,,,,,,,,,,,,,,,,
PosterLK00137,,Default,simple,THEATER,Default Category,base,,,,,,2012-07-14 00:00:00,,,,,1974,Polish Poster,Konopelski,,original,Nein,,,,0,/k/o/konopelski-posterlk00137.jpg,30 lat Teatru Juliusza Osterwy,,,Nein,,,,,,Im Einkaufswagen,Nein,30 lat Teatru Juliusza Osterwy,,,Produktinformationsspalte,,mint,200.0000,offset,0,30 lat Teatru Juliusza Osterwy,ca. A1 = 58x82 cm / 23x33 in,/k/o/konopelski-posterlk00137.jpg,30 lat Teatru Juliusza Osterwy,,,,,1,2,/k/o/konopelski-posterlk00137.jpg,30 lat Teatru Juliusza Osterwy,2015-02-08 22:59:18,leonard-konopelski/teatr-juliusza-osterwy,leonard-konopelski/teatr-juliusza-osterwy.html,4,10.0000,100.0000,0.0000,1,0,0,1,1.0000,1,0.0000,1,1,,1,1,0,0,1,0.0000,1,0,0,,,,,,,,,,,,,,,,,88,/k/o/konopelski-posterlk00137.jpg,30 lat Teatru Juliusza Osterwy,0,1,,,,,,,,,,,,,,,,
,,,,OTHER POSTER,Default Category,,,,,,,,,,,,,,,,,,,,,,,,,,,,,,,,,,,,,,,,,,,,,,,,,,,,,,,,,,,,,,,,,,,,,,,,,,,,,,,,,,,,,,,,,,,,,,,,,,,,,,,,,,,,,,,,,,,,,
,posters,,,,,,,,,,,,,,,,,,,,,,,,,,,,,,,Leonard Konopelski 30 years Theatre Juliusz Osterwa buy online vintage original poster art from Poland Leonard Konopelski Polish Theatre Vintage Art Posters Polish theater Poster Original Year: 1974 30 years Theatre Juliusz Osterwa,"Leonard Konopelski, buy online vintage original poster art from Poland, Polish Theatre Vintage Art Posters Polish theater Poster Original Year: 1974 30 years Theatre Juliusz Osterwa",Leonard Konopelski 30 years Theatre Juliusz Osterwa,,,,,Theatre Juliusz Osterwa - 30 years ,,,,,,,,,,,,,,,,,,,,,,leonard-konopelski/theatre-juliusz-osterwa,leonard-konopelski/theatre-juliusz-osterwa.html,,,,,,,,,,,,,,,,,,,,,,,,,,,,,,,,,,,,,,,,,,,,,,,,,,,,,,,,,,,,
,poster,,,,,,,,,,,,,,,,,,,,,,,,,,,,,,,Leonard Konopelski 30 Jahre Juliusz Osterwa Theater PIGASUS Polnische Plakatkunst Leonard Konopelski Plakat Shop Berlin plakatkunst kaufen Pigasus plakatkunst in Polen Plakatkünstler Leonard Konopelski Original Theaterplakate 30 lat Teatru Juliusza Osterw,Leonard Konopelski theaterplakate berlin Polen Plakatkünstler Original 30 lat Teatru Juliusza Osterwy Polnisches Theaterposter- Original 30 Jahre Juliusz Osterwa Theater in Lublin,Leonard Konopelski 30 Jahre Juliusz Osterwa Theater,,,,,Juliusz Osterwa Theater 30 Jahre,,,,,,,,,,,,,,,,,,,,,,leonard-konopelski/juliusz-osterwa-theater,leonard-konopelski/juliusz-osterwa-theater.html,,,,,,,,,,,,,,,,,,,,,,,,,,,,,,,,,,,,,,,,,,,,,,,,,,,,,,,,,,,,
,plakat,,,,,,,,,,,,,,,,,,,,,,,,,,,,,,,Leonard Konopelski 30 lat Teatru Juliusza Osterwy PIGASUS polski plakat sklep Leonard Konopelski kup oryginalne Polskie Plakaty Polska Szkoła Plakatu sklep internetowy 30 lat Teatru Juliusza Osterwy plakat teatralny pierwodruk 30 lat Teatru Juliusza Oster,Leonard Konopelski 30 lat Teatru Juliusza Osterwy PIGASUS polski plakat kup oryginalne Polskie Plakaty Polska Szkoła Plakatu sklep internetowy,Leonard Konopelski 30 lat Teatru Juliusza Osterwy,,,,,,,,,,,,,,,,,,,,,,,,,,,,,,,,,,,,,,,,,,,,,,,,,,,,,,,,,,,,,,,,,,,,,,,,,,,,,,,,,,,,,,,,
PosterLK00138,,filmposter,simple,FILM,Default Category,base,,USSR,,,,2012-07-14 00:00:00,,,,,1974,Polish Poster,Konopelski,Igor Voznesensky,original,,Zhrebiy,,,0,/k/o/konopelski-posterlk00138.jpg,,"Жребий, Krążek w bramce, Zhrebiy",,,,,,,,,,Krążek w bramce Igor Voznesensky,,,,,mint,32.0000,offset,0,Krążek w bramce Igor Voznesensky,ca. A1 = 58x82 cm / 23x33 in,/k/o/konopelski-posterlk00138.jpg,,,,,"Igor Kvasha, Sergey Yakovlev, Valentin Gaft",1,2,/k/o/konopelski-posterlk00138.jpg,,2014-11-06 18:58:51,leonard-konopelski/krazek-w-bramce,leonard-konopelski/krazek-w-bramce.html,4,10.0000,100.0000,0.0000,1,0,0,1,1.0000,1,0.0000,1,1,,1,1,0,0,1,0.0000,1,0,0,,,,,,,,,,,,,,,,,88,/k/o/konopelski-posterlk00138.jpg,,0,1,,,,,,,,,,,,,,,,
,posters,,,,,,,,,,,,,,,,,,,,,,,,,,,,,,,,,,,,,,Zhrebiy Igor Voznesensky,,,,,,,,,,,,,,,,,,,,,,leonard-konopelski/zhrebiy-igor-voznesensky,leonard-konopelski/zhrebiy-igor-voznesensky.html,,,,,,,,,,,,,,,,,,,,,,,,,,,,,,,,,,,,,,,,,,,,,,,,,,,,,,,,,,,,
,poster,,,,,,,,,,,,,,,,,,,,,,,,,,,,,,,,,,,,,,Zhrebiy Igor Voznesensky,,,,,,,,,,,,,,,,,,,,,,leonard-konopelski/zhrebiy-igor-voznesensky,leonard-konopelski/zhrebiy-igor-voznesensky.html,,,,,,,,,,,,,,,,,,,,,,,,,,,,,,,,,,,,,,,,,,,,,,,,,,,,,,,,,,,,
PosterLK00139,,Default,simple,THEATER,Default Category,base,,,,,,2012-07-14 00:00:00,,,,,1975,Polish Poster,Konopelski,,original,,,,,0,/k/o/konopelski-posterlk00139.jpg,,,,,,,,,,,,Komu bije dzwon Ernest Hemingway,,,,,mint,200.0000,offset,0,Komu bije dzwon Ernest Hemingway,"ca. 66,5x92,5 cm",/k/o/konopelski-posterlk00139.jpg,,,,,,1,2,/k/o/konopelski-posterlk00139.jpg,,2014-11-06 18:58:51,leonard-konopelski/komu-bije-dzwon-ernest-hemingway,leonard-konopelski/komu-bije-dzwon-ernest-hemingway.html,4,10.0000,100.0000,0.0000,1,0,0,1,1.0000,1,0.0000,1,1,,1,1,0,0,1,0.0000,1,0,0,,,,,,,,,,,,,,,,,88,/k/o/konopelski-posterlk00139.jpg,,0,1,,,,,,,,,,,,,,,,
,posters,,,,,,,,,,,,,,,,,,,,,,,,,,,,,,,,,,,,,,For Whom the Bell tolls Ernest Hemingway,,,,,,,,,,,,,,,,,,,,,,leonard-konopelski/for-whom-the-bell-tolls-ernest-hemingway,leonard-konopelski/for-whom-the-bell-tolls-ernest-hemingway.html,,,,,,,,,,,,,,,,,,,,,,,,,,,,,,,,,,,,,,,,,,,,,,,,,,,,,,,,,,,,
,poster,,,,,,,,,,,,,,,,,,,,,,,,,,,,,,,,,,,,,,Wem die Stunde schlagt Ernest Hemingway,,,,,,,,,,,,,,,,,,,,,,leonard-konopelski/wem-die-stunde-schlagt-ernest-hemingway,leonard-konopelski/wem-die-stunde-schlagt-ernest-hemingway.html,,,,,,,,,,,,,,,,,,,,,,,,,,,,,,,,,,,,,,,,,,,,,,,,,,,,,,,,,,,,
PosterLK00140,,Default,simple,THEATER,Default Category,base,,,,,,2012-07-14 00:00:00,,,,,1976,Polish Poster,Konopelski,,original,Nein,,,,0,/k/o/konopelski-posterlk00140.jpg,,,,Nein,,,,,,Im Einkaufswagen,Nein,Bachantki Euripides,,,Produktinformationsspalte,,mint,150.0000,offset,0,Bachantki Euripides,ca. 65x93 cm,/k/o/konopelski-posterlk00140.jpg,,,,,,1,2,/k/o/konopelski-posterlk00140.jpg,,2021-08-23 14:52:10,leonard-konopelski/bachantki-euripides,leonard-konopelski/bachantki-euripides.html,3,10.0000,0.0000,0.0000,1,0,0,1,1.0000,1,0.0000,1,0,,1,1,0,1,1,0.0000,1,0,0,,,,,,,,,,,,,,,,,88,/k/o/konopelski-posterlk00140.jpg,,0,1,,,,,,,,,,,,,,,,
,posters,,,,,,,,,,,,,,,,,,,,,,,,,,,,,,,Leonard Konopelski Bacchae Euripides buy online vintage original poster art from Poland Leonard Konopelski Polish Theatre Vintage Art Posters Polish theater Poster Original Year: 1976 The Bacchae Bachantki Euripides,"Leonard Konopelski, buy online vintage original poster art from Poland, Polish Theatre Vintage Art Posters Polish theater Poster Original Year: 1976 The Bacchae Bachantki Euripides",Leonard Konopelski Bacchae Euripides,,,,,Bacchae Euripides,,,,,,,,,,,,,,,,,,,,,,leonard-konopelski/bacchae-euripides,leonard-konopelski/bacchae-euripides.html,,,,,,,,,,,,,,,,,,,,,,,,,,,,,,,,,,,,,,,,,,,,,,,,,,,,,,,,,,,,
,poster,,,,,,,,,,,,,,,,,,,,,,,,,,,,,,,Leonard Konopelski Die Bakchen Euripides PIGASUS Polnische Plakatkunst Leonard Konopelski Plakat Shop Berlin plakatkunst kaufen Pigasus plakatkunst in Polen Plakatkünstler Leonard Konopelski Original Theaterplakate Bachantki Euripides Polnisches Theaterpo,"Leonard Konopelski theaterplakate berlin Polen Plakatkünstler Original Bachantki Euripides Polnisches Theaterposter- Original Bachantki, Die Bakchen Euripides",Leonard Konopelski Die Bakchen Euripides,,,,,Bakchen Euripides,,,,,,,,,,,,,,,,,,,,,,leonard-konopelski/bakchen-euripides,leonard-konopelski/bakchen-euripides.html,,,,,,,,,,,,,,,,,,,,,,,,,,,,,,,,,,,,,,,,,,,,,,,,,,,,,,,,,,,,
,plakat,,,,,,,,,,,,,,,,,,,,,,,,,,,,,,,Leonard Konopelski Bachantki Euripides PIGASUS polski plakat sklep Leonard Konopelski kup oryginalne Polskie Plakaty Polska Szkoła Plakatu sklep internetowy Bachantki Euripides plakat teatralny pierwodruk Bachantki Euripides,Leonard Konopelski Bachantki Euripides PIGASUS polski plakat kup oryginalne Polskie Plakaty Polska Szkoła Plakatu sklep internetowy,Leonard Konopelski Bachantki Euripides,,,,,,,,,,,,,,,,,,,,,,,,,,,,,,,,,,,,,,,,,,,,,,,,,,,,,,,,,,,,,,,,,,,,,,,,,,,,,,,,,,,,,,,,
PosterLK00141,,Default,simple,THEATER,Default Category,base,,,,,,2012-07-14 00:00:00,,,,,1974,Polish Poster,Konopelski,,original,Nein,,,,0,/k/o/konopelski-posterlk00141.jpg,Hamlet ,,,Nein,,,,,,Im Einkaufswagen,Nein,Hamlet,,,Produktinformationsspalte,,ask,200.0000,offset,0,Hamlet,ca. B1 = 68x97cm = 27x38 in,/k/o/konopelski-posterlk00141.jpg,Hamlet ,,,,,1,2,/k/o/konopelski-posterlk00141.jpg,Hamlet ,2020-01-21 15:17:27,leonard-konopelski/hamlet,leonard-konopelski/hamlet.html,4,10.0000,100.0000,0.0000,1,0,0,1,1.0000,1,0.0000,1,1,,1,1,0,0,1,0.0000,1,0,0,,,,,,,,,,,,,,,,,88,/k/o/konopelski-posterlk00141.jpg,Hamlet ,0,1,,,,,,,,,,,,,,,,
,posters,,,,,,,,,,,,,,,,,,,,,,,,,,,,,,,Leonard Konopelski Hamlet buy online vintage original poster art from Poland Leonard Konopelski Polish music posters Polishótheater Poster Year: 1974 Technique of printing : Offset Poster,"Leonard Konopelski, buy online vintage original poster art from Poland, Polish music posters Polishótheater Poster Year: 1974 Technique of printing : Offset Poster",Leonard Konopelski Hamlet,,,,,,,,,,,,,,,,,,,,,,,,,,,,,,,,,,,,,,,,,,,,,,,,,,,,,,,,,,,,,,,,,,,,,,,,,,,,,,,,,,,,,,,,
,poster,,,,,,,,,,,,,,,,,,,,,,,,,,,,,,,Leonard Konopelski Hamlet PIGASUS Polnische Plakatkunst Leonard Konopelski Plakat Shop Berlin plakatkunst kaufen Pigasus plakatkunst in Polen Polnisches Theaterposte Hamlet Plakatkünstler Leonard Konopelski Original Theaterplakate Polnisches Theaterposter,Leonard Konopelski Musik Poster Polen Polnisches Theaterposte Hamlet Plakatkünstler Original Polnisches Theaterposter Original Theateraufführung William Shakespeare ,Leonard Konopelski Hamlet,,,,,,,,,,,,,,,,,,,,,,,,,,,,,,,,,,,,,,,,,,,,,,,,,,,,,,,,,,,,,,,,,,,,,,,,,,,,,,,,,,,,,,,,
,plakat,,,,,,,,,,,,,,,,,,,,,,,,,,,,,,,"Leonard Konopelski Hamlet PIGASUS polski plakat sklep Leonard Konopelski kup oryginalne Polskie Plakaty Polska Szkoła Plakatu sklep internetowy Leonard Konopelski Krakowiacy i Górale, czyli cud mniemany PIGASUS polski plakat kup oryginalne Polskie Plakaty",Leonard Konopelski Hamlet PIGASUS polski plakat kup oryginalne Polskie Plakaty Polska Szkoła Plakatu sklep internetowy,Leonard Konopelski Hamlet,,,,,,,,,,,,,,,,,,,,,,,,,,,,,,,,,,,,,,,,,,,,,,,,,,,,,,,,,,,,,,,,,,,,,,,,,,,,,,,,,,,,,,,,
PosterLK00143,,Default,simple,MUSIC POSTER,Default Category,base,,,,,,2012-07-14 00:00:00,,,,,197?,Polish Poster,Konopelski,,original,,,,,0,/k/o/konopelski-posterlk00143.jpg,,,,,,,,,,,,"Krakowiacy i Górale, czyli cud mniemany",,,,,mint,150.0000,offset,0,"Krakowiacy i Górale, czyli cud mniemany",ca. B1 = 68x97cm = 27x38 in,/k/o/konopelski-posterlk00143.jpg,,,,,,1,2,/k/o/konopelski-posterlk00143.jpg,,2014-11-06 18:58:51,leonard-konopelski/krakowiacy-gorale-czyli-cud-mniemany,leonard-konopelski/krakowiacy-gorale-czyli-cud-mniemany.html,4,10.0000,100.0000,0.0000,1,0,0,1,1.0000,1,0.0000,1,1,,1,1,0,0,1,0.0000,1,0,0,,,,,,,,,,,,,,,,,88,/k/o/konopelski-posterlk00143.jpg,,0,1,,,,,,,,,,,,,,,,
,,,,OPERA,Default Category,,,,,,,,,,,,,,,,,,,,,,,,,,,,,,,,,,,,,,,,,,,,,,,,,,,,,,,,,,,,,,,,,,,,,,,,,,,,,,,,,,,,,,,,,,,,,,,,,,,,,,,,,,,,,,,,,,,,,
,posters,,,,,,,,,,,,,,,,,,,,,,,,,,,,,,,,,,,,,,"Pretended Miracle, or Krakovians and Highlanders",,,,,,,,,,,,,,,,,,,,,,leonard-konopelski/pretended-miracle-wojciech-boguslawski,leonard-konopelski/pretended-miracle-wojciech-boguslawski.html,,,,,,,,,,,,,,,,,,,,,,,,,,,,,,,,,,,,,,,,,,,,,,,,,,,,,,,,,,,,
,poster,,,,,,,,,,,,,,,,,,,,,,,,,,,,,,,,,,,,,,Vermeintliche Wunder oder Die Krakauer und die Bergbauern,,,,,,,,,,,,,,,,,,,,,,leonard-konopelski/vermeintliche-wunder-krakauer-bergbauern,leonard-konopelski/vermeintliche-wunder-krakauer-bergbauern.html,,,,,,,,,,,,,,,,,,,,,,,,,,,,,,,,,,,,,,,,,,,,,,,,,,,,,,,,,,,,
PosterLK00144,,Default,simple,THEATER,Default Category,base,,,,,,2012-07-14 00:00:00,,,,,1976,Polish Poster,Konopelski,,original,,,,,0,/k/o/konopelski-posterlk00144.jpg,,,,,,,,,,,,Macbeth,,,,,mint,120.0000,offset,0,Macbeth,ca. A1 = 58x82 cm / 23x33 in,/k/o/konopelski-posterlk00144.jpg,,,,,,1,2,/k/o/konopelski-posterlk00144.jpg,,2014-11-06 18:58:51,leonard-konopelski/macbeth,leonard-konopelski/macbeth.html,4,10.0000,100.0000,0.0000,1,0,0,1,1.0000,1,0.0000,1,1,,1,1,0,0,1,0.0000,1,0,0,,,,,,,,,,,,,,,,,88,/k/o/konopelski-posterlk00144.jpg,,0,1,,,,,,,,,,,,,,,,
PosterLK00146,,Default,simple,OTHER POSTER,Default Category,base,,,,,,2012-07-14 00:00:00,,,,,2011,Polish Poster,Konopelski,,original,,,,,0,/k/o/konopelski-posterlk00146.jpg,,,,,,,,,,,,Pigasus Polish Poster Gallery,,,,,mint,80.0000,digital print,0,Pigasus Polish Poster Gallery,ca. 68x90 cm,/k/o/konopelski-posterlk00146.jpg,,,,,,1,2,/k/o/konopelski-posterlk00146.jpg,,2014-11-06 18:58:51,leonard-konopelski/pigasus-polish-poster-gallery,leonard-konopelski/pigasus-polish-poster-gallery.html,4,10.0000,100.0000,0.0000,1,0,0,1,1.0000,1,0.0000,1,1,,1,1,0,0,1,0.0000,1,0,0,,,,,,,,,,,,,,,,,88,/k/o/konopelski-posterlk00146.jpg,,0,1,,,,,,,,,,,,,,,,
